Workbook

Sheet Ventes
A1: KORYXA — RECHERCHES AVANCÉES & FORMULES D'ENRICHISSEMENT
A3: Code produit | B3: Date | C3: Région | D3: Commercial | E3: Quantité | F3: Prix | G3: CA
A4: P001 | B4: 2026-02-01 | C4: Nord | D4: Awa | E4: 4 | F4: =XLOOKUP(A4,Produits!A$4:A$11,Produits!C$4:C$11,"Code inconnu") | G4: =IFERROR(E4*F4,0)
A5: P002 | B5: 2026-02-02 | C5: Sud | D5: Moussa | E5: 6 | F5: =XLOOKUP(A5,Produits!A$4:A$11,Produits!C$4:C$11,"Code inconnu") | G5: =IFERROR(E5*F5,0)
A6: P003 | B6: 2026-02-03 | C6: Centre | D6: Idrissa | E6: 4 | F6: =XLOOKUP(A6,Produits!A$4:A$11,Produits!C$4:C$11,"Code inconnu") | G6: =IFERROR(E6*F6,0)
A7: P004 | B7: 2026-02-04 | C7: Ouest | D7: Fatou | E7: 4 | F7: =XLOOKUP(A7,Produits!A$4:A$11,Produits!C$4:C$11,"Code inconnu") | G7: =IFERROR(E7*F7,0)
A8: P005 | B8: 2026-02-05 | C8: Export | D8: Jean | E8: 2 | F8: =XLOOKUP(A8,Produits!A$4:A$11,Produits!C$4:C$11,"Code inconnu") | G8: =IFERROR(E8*F8,0)
A9: P006 | B9: 2026-02-06 | C9: Nord | D9: Aminata | E9: 2 | F9: =XLOOKUP(A9,Produits!A$4:A$11,Produits!C$4:C$11,"Code inconnu") | G9: =IFERROR(E9*F9,0)
A10: P007 | B10: 2026-02-07 | C10: Sud | D10: Awa | E10: 6 | F10: =XLOOKUP(A10,Produits!A$4:A$11,Produits!C$4:C$11,"Code inconnu") | G10: =IFERROR(E10*F10,0)
A11: P008 | B11: 2026-02-08 | C11: Centre | D11: Moussa | E11: 4 | F11: =XLOOKUP(A11,Produits!A$4:A$11,Produits!C$4:C$11,"Code inconnu") | G11: =IFERROR(E11*F11,0)
A12: P001 | B12: 2026-02-09 | C12: Ouest | D12: Idrissa | E12: 1 | F12: =XLOOKUP(A12,Produits!A$4:A$11,Produits!C$4:C$11,"Code inconnu") | G12: =IFERROR(E12*F12,0)
A13: P002 | B13: 2026-02-10 | C13: Export | D13: Fatou | E13: 4 | F13: =XLOOKUP(A13,Produits!A$4:A$11,Produits!C$4:C$11,"Code inconnu") | G13: =IFERROR(E13*F13,0)
A14: P003 | B14: 2026-02-11 | C14: Nord | D14: Jean | E14: 4 | F14: =XLOOKUP(A14,Produits!A$4:A$11,Produits!C$4:C$11,"Code inconnu") | G14: =IFERROR(E14*F14,0)
A15: P004 | B15: 2026-02-12 | C15: Sud | D15: Aminata | E15: 4 | F15: =XLOOKUP(A15,Produits!A$4:A$11,Produits!C$4:C$11,"Code inconnu") | G15: =IFERROR(E15*F15,0)
... A78: P003 | B78: 2026-02-19 | C78: Export | D78: Idrissa | E78: 4 | F78: =XLOOKUP(A78,Produits!A$4:A$11,Produits!C$4:C$11,"Code inconnu") | G78: =IFERROR(E78*F78,0)

Sheet Produits
A1: RÉFÉRENTIEL PRODUITS & TARIFS OFFICIELS
A3: Code | B3: Produit | C3: Prix | D3: Catégorie
A4: P001 | B4: Clavier Professionnel | C4: 18000 | D4: Accessoires
A5: P002 | B5: Souris Ergonomique | C5: 9000 | D5: Accessoires
A6: P003 | B6: Écran 27 pouces 4K | C6: 145000 | D6: Matériel
A7: P004 | B7: Casque Réduction Bruit | C7: 32000 | D7: Audio
A8: P005 | B8: Station USB-C Universelle | C8: 24000 | D8: Connectique
A9: P006 | B9: Support Ventilateur PC | C9: 15000 | D9: Accessoires
A10: P007 | B10: Webcam Full HD Pro | C10: 42000 | D10: Audio/Vidéo
A11: P008 | B11: Câble HDMI 4K Renforcé | C11: 8000 | D11: Connectique

Sheet KPI
A1: SYNTHÈSE EXÉCUTIVE DES KPI COMMERCIAUX
A3: Indicateur Clé | B3: Formule / Périmètre | C3: Valeur Calculée | D3: Objectif
A4: Chiffre d'Affaires Global | B4: =SUM(Ventes!G4:G78) | C4: =SUM(Ventes!G4:G78) | D4: 15000000
A5: Volume de Ventes (Quantité) | B5: =SUM(Ventes!E4:E78) | C5: =SUM(Ventes!E4:E78) | D5: 250
A6: CA Région Nord (SOMME.SI) | B6: =SUMIF(Ventes!C4:C78,"Nord",Ventes!G4:G78) | C6: =SUMIF(Ventes!C4:C78,"Nord",Ventes!G4:G78) | D6: 4000000
A7: CA Région Sud (SOMME.SI) | B7: =SUMIF(Ventes!C4:C78,"Sud",Ventes!G4:G78) | C7: =SUMIF(Ventes!C4:C78,"Sud",Ventes!G4:G78) | D7: 3500000
A8: CA Commercial Awa (SOMME.SI.ENS) | B8: =SUMIFS(Ventes!G4:G78,Ventes!D4:D78,"Awa") | C8: =SUMIFS(Ventes!G4:G78,Ventes!D4:D78,"Awa") | D8: 3000000
A9: Nombre Commandes > 100k (NB.SI) | B9: =COUNTIF(Ventes!G4:G78,">100000") | C9: =COUNTIF(Ventes!G4:G78,">100000") | D9: 15
A10: Panier Moyen (MOYENNE) | B10: =AVERAGE(Ventes!G4:G78) | C10: =AVERAGE(Ventes!G4:G78) | D10: 120000
